"","Rk","Tm","G","PF","Yds","Ply","Y/P","TO","FL","1stD","Cmp","Att","Yds","TD","Int","NY/A","1stD","Att","Yds","TD","Y/A","1stD","Pen","Yds","1stPy","Sc%","TO%","EXP","Year"
"2",1,"New England Patriots",16,518,5820,986,5.9,10,5,335,331,507,3847,37,5,7.2,196,454,1973,19,4.3,119,83,766,20,47,5.4,190.29,2010
"3",2,"San Diego Chargers",16,441,6329,1039,6.1,29,16,357,359,544,4519,30,13,7.8,236,457,1810,18,4,94,84,677,27,40.3,14.5,107.05,2010
"4",3,"Philadelphia Eagles",16,439,6230,1038,6,25,12,322,348,561,3906,28,13,6.4,189,428,2324,18,5.4,116,129,1101,17,39.8,11.7,93.21,2010
"5",4,"Indianapolis Colts",16,435,6092,1088,5.6,25,8,366,450,679,4609,33,17,6.6,253,393,1483,13,3.8,87,79,709,26,40.2,13.4,129.4,2010
"6",5,"Atlanta Falcons",16,414,5458,1097,5,17,8,353,361,577,3567,28,9,5.9,200,497,1891,14,3.8,111,58,598,42,39.3,9,87.95,2010
"7",6,"Oakland Raiders",16,410,5674,1039,5.5,26,10,306,279,491,3180,18,16,5.9,159,504,2494,19,4.9,113,148,1276,34,34.5,11.8,1.3,2010
"8",7,"New York Giants",16,394,6085,1035,5.9,42,17,331,339,539,3885,31,25,7,192,480,2200,17,4.6,112,92,777,27,32.4,20.3,12.48,2010
"9",8,"Dallas Cowboys",16,394,5828,1035,5.6,30,11,327,379,576,4042,29,19,6.7,201,428,1786,10,4.2,104,109,863,22,34.6,14.8,26.25,2010
"10",9,"Houston Texans",16,390,6186,1029,6,18,6,360,365,574,4144,24,12,6.8,222,423,2042,20,4.8,118,90,690,20,39.7,10.1,131.89,2010
"11",10,"Green Bay Packers",16,388,5730,1000,5.7,22,9,312,352,541,4124,31,13,7.1,204,421,1606,11,3.8,88,78,617,20,35,10.9,131.57,2010
"12",11,"New Orleans Saints",16,384,5960,1067,5.6,31,9,351,450,661,4441,33,22,6.5,236,380,1519,9,4,94,90,884,21,38.5,16.7,98.07,2010
"13",12,"Pittsburgh Steelers",16,375,5525,993,5.6,18,9,295,298,479,3601,22,9,6.9,175,471,1924,15,4.1,106,100,903,14,36.9,9.5,49.6,2010
"14",13,"New York Jets",16,367,5616,1087,5.2,21,7,307,288,525,3242,20,14,5.9,171,534,2374,14,4.4,118,103,934,18,32.2,10.6,19.75,2010
"15",14,"Kansas City Chiefs",16,366,5595,1063,5.3,14,6,319,274,475,2968,27,8,5.9,167,556,2627,13,4.7,129,90,771,23,31.3,6.8,22.72,2010
"16",15,"Detroit Lions",16,362,5423,1064,5.1,25,9,304,383,633,3810,26,16,5.8,199,404,1613,11,4,83,136,1018,22,32.1,12.4,-15.31,2010
"17",16,"Baltimore Ravens",16,357,5166,1018,5.1,20,10,303,308,491,3335,25,10,6.3,175,487,1831,11,3.8,97,90,673,31,32.8,9.5,22.55,2010
"18",17,"Tennessee Titans",16,356,4834,907,5.3,29,14,252,273,474,3107,24,15,6.2,155,406,1727,13,4.3,73,128,1040,24,33.2,14.7,-9.57,2010
"19",18,"Jacksonville Jaguars",16,353,5460,1019,5.4,33,12,330,291,469,3065,26,21,6,161,512,2395,14,4.7,148,83,675,21,35,16.9,52.89,2010
"20",19,"Denver Broncos",16,344,5582,1018,5.5,27,15,309,334,580,4038,25,12,6.5,204,398,1544,13,3.9,81,98,944,24,30.6,11.7,-15.18,2010
"21",20,"Tampa Bay Buccaneers",16,341,5362,955,5.6,19,13,288,306,494,3361,26,6,6.4,172,431,2001,9,4.6,97,100,837,19,33.7,9.3,48.96,2010
"22",21,"Chicago Bears",16,334,4631,936,4.9,31,10,263,276,466,3015,23,21,5.8,163,414,1616,10,3.9,76,91,768,24,29.3,15.7,-93.46,2010
"23",22,"Cincinnati Bengals",16,322,5289,1046,5.1,34,14,317,365,590,3767,26,20,6.1,206,428,1522,8,3.6,85,90,725,26,30.5,16.3,-37.44,2010
"24",23,"Seattle Seahawks",16,310,4765,964,4.9,31,11,260,324,544,3341,14,20,5.8,159,385,1424,13,3.7,81,101,890,20,26.5,14.8,-91.33,2010
"25",24,"San Francisco 49ers",16,305,5013,945,5.3,23,8,251,282,500,3356,19,15,6.2,149,401,1657,10,4.1,85,112,933,17,26.8,11.1,-40.48,2010
"26",25,"Washington Redskins",16,302,5392,1002,5.4,31,12,295,349,605,3931,21,19,6,194,351,1461,9,4.2,72,90,647,29,26.3,14.6,-67.32,2010
"27",26,"St. Louis Rams",16,289,4846,1053,4.6,21,6,292,354,590,3268,18,15,5.2,179,429,1578,9,3.7,84,102,877,29,30.2,9.5,-85.9,2010
"28",27,"Arizona Cardinals",16,289,4309,931,4.6,35,16,241,285,561,2921,10,19,4.8,154,320,1388,9,4.3,67,108,870,20,23.7,15.8,-170.67,2010
"29",28,"Buffalo Bills",16,283,4878,954,5.1,39,18,263,296,519,3158,24,21,5.7,166,401,1720,6,4.3,82,82,633,15,25.3,19.2,-85.67,2010
"30",29,"Minnesota Vikings",16,281,5039,982,5.1,37,11,289,305,505,3097,14,26,5.7,159,441,1942,16,4.4,104,100,769,26,24.9,19,-89.86,2010
"31",30,"Miami Dolphins",16,273,5170,1040,5,31,10,300,335,557,3527,17,21,5.9,189,445,1643,8,3.7,91,72,595,20,29.7,15.7,-61.78,2010
"32",31,"Cleveland Browns",16,271,4635,927,5,29,11,265,296,478,2989,13,18,5.8,154,413,1646,13,4,87,78,675,24,27.7,15.8,-59.78,2010
"33",32,"Carolina Panthers",16,196,4135,962,4.3,37,16,225,256,484,2289,9,21,4.3,125,428,1846,7,4.3,78,106,918,22,20.8,17.8,-219.41,2010
"210",1,"Green Bay Packers",16,560,6482,988,6.6,14,6,353,376,552,4924,51,8,8.3,230,395,1558,12,3.9,89,76,591,34,48.3,6.1,246.54,2011
"37",2,"New Orleans Saints",16,547,7474,1117,6.7,19,5,416,472,662,5347,46,14,7.8,280,431,2127,16,4.9,116,99,851,20,51.4,10.9,330.95,2011
"41",3,"New England Patriots",16,513,6848,1082,6.3,17,5,399,402,612,5084,39,12,7.9,262,438,1764,18,4,107,87,815,30,47.2,8.3,276.58,2011
"51",4,"Detroit Lions",16,474,6337,1058,6,23,7,349,423,666,4814,41,16,6.9,244,356,1523,9,4.3,71,128,1075,34,37.6,10.7,126.56,2011
"61",5,"Carolina Panthers",16,406,6237,999,6.2,23,6,345,312,519,3829,21,17,6.9,175,445,2408,26,5.4,139,113,1013,31,38.5,12.8,131.27,2011
"71",6,"San Diego Chargers",16,406,6290,1048,6,28,8,359,366,582,4426,27,20,7.2,234,436,1864,16,4.3,97,91,753,28,41.3,16.3,103.68,2011
"81",7,"Atlanta Falcons",16,402,6026,1073,5.6,21,8,349,365,594,4192,29,13,6.8,215,453,1834,14,4,100,93,769,34,37.4,10.7,66.87,2011
"91",8,"Philadelphia Eagles",16,396,6386,1036,6.2,38,13,356,330,554,4110,22,25,7,197,450,2276,20,5.1,134,107,853,25,34.7,17.9,63.46,2011
"101",9,"New York Giants",16,394,6161,1028,6,24,8,331,359,589,4734,29,16,7.7,216,411,1427,17,3.5,84,94,795,31,32.5,11.5,106.83,2011
"111",10,"Houston Texans",16,381,5954,1046,5.7,20,11,321,288,467,3506,20,9,7,176,546,2448,18,4.5,131,99,852,14,37.2,10.5,46.86,2011
"121",11,"San Francisco 49ers",16,380,4974,993,5,10,5,282,277,451,2930,18,5,5.9,150,498,2044,14,4.1,101,113,1014,31,39.6,5.2,-9.07,2011
"131",12,"Baltimore Ravens",16,378,5419,1036,5.2,24,12,312,314,544,3423,21,12,5.9,181,459,1996,15,4.3,98,92,742,33,35.5,11.8,27.37,2011
"141",13,"New York Jets",16,377,4989,1030,4.8,34,16,301,310,547,3297,26,18,5.6,173,443,1692,14,3.8,92,102,849,36,29.6,13.8,-66.18,2011
"151",14,"Buffalo Bills",16,372,5624,992,5.7,30,5,313,356,578,3703,24,25,6.2,180,391,1921,12,4.9,100,86,743,33,31.2,15.9,13.19,2011
"161",15,"Dallas Cowboys",16,369,6008,1017,5.9,21,9,327,376,570,4201,33,12,6.9,219,408,1807,5,4.4,91,114,816,17,37.8,11.4,78.92,2011
"171",16,"Oakland Raiders",16,359,6072,1015,6,30,7,328,315,524,3962,20,23,7.2,186,466,2110,16,4.5,110,163,1358,32,34.7,15.5,23.79,2011
"181",17,"Chicago Bears",16,353,5026,978,5.1,29,9,271,268,473,3011,18,20,5.8,153,456,2015,10,4.4,97,104,800,21,28.6,14.6,-92.58,2011
"191",18,"Cincinnati Bengals",16,344,5118,1015,5,22,8,285,308,535,3340,21,14,6,160,455,1778,10,3.9,93,99,874,32,32.5,9.6,-34.31,2011
"201",19,"Minnesota Vikings",16,340,5275,1007,5.2,26,9,297,286,510,2957,20,17,5.3,159,448,2318,18,5.2,118,109,908,20,31.7,13.2,-28.14,2011
"211",20,"Miami Dolphins",16,329,5078,990,5.1,25,12,287,280,469,3091,20,13,5.9,166,469,1987,11,4.2,89,85,779,32,32.8,12.8,-37.03,2011
"221",21,"Tennessee Titans",16,325,5361,984,5.4,22,8,281,353,584,3923,22,14,6.5,185,376,1438,8,3.8,71,104,960,25,31.4,11.7,-0.23,2011
"231",22,"Pittsburgh Steelers",16,325,5957,1015,5.9,28,13,341,341,539,4054,21,15,7,221,434,1903,13,4.4,96,101,854,24,33.9,16.7,68.04,2011
"241",23,"Seattle Seahawks",16,321,4861,1003,4.8,23,9,265,299,509,3105,15,14,5.6,153,444,1756,15,4,89,138,1047,23,27.8,11.6,-73.36,2011
"251",24,"Arizona Cardinals",16,312,5192,993,5.2,32,9,286,307,550,3567,21,23,5.9,175,389,1625,12,4.2,83,106,1004,28,26.1,15.6,-44.97,2011
"261",25,"Denver Broncos",16,309,5066,1017,5,30,17,286,217,429,2434,20,13,5.2,130,546,2632,11,4.8,129,101,843,27,24.5,14.2,-93.02,2011
"271",26,"Washington Redskins",16,288,5387,1032,5.2,35,11,312,346,591,3773,19,24,6,204,400,1614,8,4,79,91,897,29,30.9,18.6,-43.52,2011
"281",27,"Tampa Bay Buccaneers",16,287,5108,966,5.3,40,16,277,365,588,3650,17,24,5.9,180,346,1458,9,4.2,74,123,1007,23,28.7,20.4,-94.67,2011
"291",28,"Jacksonville Jaguars",16,243,4149,1002,4.1,23,8,251,240,469,2179,12,15,4.2,122,489,1970,9,4,103,77,680,26,22.7,11.3,-154.34,2011
"301",29,"Indianapolis Colts",16,243,4589,951,4.8,29,15,258,302,534,2995,14,14,5.3,170,382,1594,8,4.2,69,76,549,19,24.2,15.6,-97.92,2011
"311",30,"Cleveland Browns",16,218,4621,1024,4.5,19,6,278,320,570,3090,16,13,5.1,173,415,1531,4,3.7,77,95,847,28,24.4,10,-74.13,2011
"321",31,"Kansas City Chiefs",16,212,4973,1021,4.9,28,10,277,299,500,3080,13,18,5.8,163,487,1893,5,3.9,89,110,916,25,22.2,12.7,-91.84,2011
"331",32,"St. Louis Rams",16,193,4537,1013,4.5,23,13,267,292,549,2870,9,10,4.8,159,409,1667,7,4.1,79,112,899,29,18.9,11.2,-171.88,2011
"212",1,"New England Patriots",16,557,6846,1191,5.7,16,7,444,402,641,4662,34,9,7,256,523,2184,25,4.2,151,97,840,37,48.1,8.1,253.91,2012
"38",2,"Denver Broncos",16,481,6366,1090,5.8,25,14,380,402,588,4534,37,11,7.4,232,481,1832,12,3.8,112,100,805,36,39.9,12.2,135.85,2012
"42",3,"New Orleans Saints",16,461,6574,1067,6.2,24,5,352,423,671,4997,43,19,7.2,267,370,1577,10,4.3,64,104,911,21,37.4,12.1,142.9,2012
"52",4,"Washington Redskins",16,436,6131,994,6.2,14,6,341,291,442,3422,24,8,7.2,171,519,2709,22,5.2,144,116,985,26,39.3,7.7,130.52,2012
"62",5,"Green Bay Packers",16,433,5751,1042,5.5,16,8,341,374,558,4049,40,8,6.6,213,433,1702,9,3.9,85,103,923,43,37.6,8.1,149.37,2012
"72",6,"New York Giants",16,429,5687,968,5.9,21,6,327,323,539,3825,26,15,6.8,187,409,1862,18,4.6,103,72,578,37,43.8,11.9,103.44,2012
"82",7,"Atlanta Falcons",16,419,5906,1021,5.8,18,4,343,422,615,4509,32,14,7,247,378,1397,12,3.7,70,55,415,26,44,10.3,153.25,2012
"92",8,"Houston Texans",16,416,5953,1090,5.5,17,4,341,354,554,3830,22,13,6.6,205,508,2123,19,4.2,114,108,873,22,35.6,8.4,84,2012
"102",9,"Seattle Seahawks",16,412,5610,974,5.8,18,8,311,259,405,3031,27,10,6.9,153,536,2579,16,4.8,129,110,890,29,39.4,10,129.06,2012
"112",10,"Baltimore Ravens",16,398,5640,1042,5.4,16,5,314,334,560,3739,22,11,6.3,182,444,1901,17,4.3,98,121,1127,34,35.8,7.8,81.26,2012
"122",11,"San Francisco 49ers",16,397,5789,969,6,16,8,322,289,436,3298,23,8,6.9,172,492,2491,17,5.1,128,109,960,22,39.3,7.9,147.79,2012
"132",12,"Cincinnati Bengals",16,391,5323,1016,5.2,26,10,292,335,540,3578,28,16,6.1,173,430,1745,11,4.1,95,99,857,24,35.4,12.8,-3.9,2012
"142",13,"Tampa Bay Buccaneers",16,389,5820,1008,5.8,23,6,301,311,566,3983,27,17,6.7,188,416,1837,13,4.4,89,101,819,24,35.2,10.9,37.78,2012
"152",14,"Minnesota Vikings",16,379,5385,1001,5.4,23,11,306,300,483,2751,18,12,5.3,163,486,2634,16,5.4,113,90,830,30,37.9,12.6,34.14,2012
"162",15,"Dallas Cowboys",16,376,5994,1049,5.7,29,10,338,434,658,4729,29,19,6.8,237,355,1265,8,3.6,76,117,853,25,36.7,15,67.75,2012
"172",16,"Chicago Bears",16,375,4969,999,5,24,8,292,287,485,2999,21,16,5.7,163,470,1970,11,4.2,99,102,811,30,30.3,11.8,-38.94,2012
"182",17,"Detroit Lions",16,372,6540,1160,5.6,33,16,382,445,740,4927,22,17,6.4,272,391,1613,17,4.1,84,103,944,26,36,15.2,40.5,2012
"192",18,"Indianapolis Colts",16,357,5799,1109,5.2,27,9,360,339,628,4128,23,18,6.2,208,440,1671,11,3.8,110,94,801,42,33.3,13.9,70.29,2012
"202",19,"Carolina Panthers",16,357,5771,988,5.8,22,10,328,284,490,3683,19,12,7,171,462,2088,21,4.5,123,98,835,34,32.6,10.3,96.36,2012
"213",20,"San Diego Chargers",16,350,4756,988,4.8,26,11,293,338,528,3295,26,15,5.7,184,411,1461,4,3.6,81,103,796,28,30.6,13.9,-37.96,2012
"222",21,"Buffalo Bills",16,344,5486,983,5.6,34,17,301,309,511,3269,24,17,6,176,442,2217,12,5,103,104,871,22,30,17.4,-3.15,2012
"232",22,"Pittsburgh Steelers",16,336,5324,1023,5.2,30,16,307,354,574,3787,27,14,6.2,202,412,1537,8,3.7,80,92,938,25,33.9,15.6,1.4,2012
"242",23,"Tennessee Titans",16,330,5010,957,5.2,28,12,260,318,540,3323,17,16,5.7,166,378,1687,10,4.5,70,106,847,24,27.7,14.9,-70.69,2012
"252",24,"Cleveland Browns",16,302,5028,998,5,26,8,279,328,566,3435,16,18,5.7,185,396,1593,12,4,71,113,1005,23,29.8,12,-63.47,2012
"262",25,"St. Louis Rams",16,299,5264,1002,5.3,22,8,287,332,557,3550,22,14,6,189,410,1714,5,4.2,79,130,978,19,27.5,11,-27.88,2012
"272",26,"Oakland Raiders",16,290,5504,1032,5.3,26,10,300,376,629,4084,24,16,6.2,200,376,1420,4,3.8,72,108,939,28,31.4,12.8,-40.18,2012
"282",27,"Miami Dolphins",16,288,4984,981,5.1,26,13,288,293,504,3182,13,13,5.9,158,440,1802,15,4.1,93,82,724,37,27.4,12.9,-38.78,2012
"292",28,"New York Jets",16,281,4787,1034,4.6,37,18,299,272,493,2891,14,19,5.4,162,494,1896,12,3.8,102,83,708,35,24.2,17.5,-93.73,2012
"302",29,"Philadelphia Eagles",16,280,5665,1079,5.3,37,22,332,367,618,3791,18,15,5.7,190,413,1874,10,4.5,111,98,813,31,29.9,17.9,-50.97,2012
"312",30,"Jacksonville Jaguars",16,255,4788,994,4.8,26,9,269,328,586,3419,20,17,5.4,157,358,1369,5,3.8,76,101,955,36,25.5,12.8,-121.17,2012
"322",31,"Arizona Cardinals",16,250,4209,1018,4.1,34,13,246,337,608,3005,11,21,4.5,168,352,1204,10,3.4,58,102,857,20,22,14.8,-230.4,2012
"332",32,"Kansas City Chiefs",16,211,5108,1015,5,37,17,286,273,475,2713,8,20,5.3,144,500,2395,9,4.8,118,92,733,24,24.2,18.8,-119.35,2012
"214",1,"Denver Broncos",16,606,7317,1156,6.3,26,16,435,461,675,5444,55,10,7.8,293,461,1873,16,4.1,107,117,1000,35,47.5,10.4,274.57,2013
"39",2,"Chicago Bears",16,445,6109,1013,6,23,10,344,373,579,4281,32,13,7,215,404,1828,13,4.5,102,85,708,27,39,12.1,90.79,2013
"43",3,"New England Patriots",16,444,6152,1138,5.4,20,9,378,380,628,4087,25,11,6.1,225,470,2065,19,4.4,110,69,625,43,40.8,10,103.33,2013
"53",4,"Philadelphia Eagles",16,442,6676,1054,6.3,19,10,355,310,508,4110,32,9,7.4,197,500,2566,19,5.1,133,95,846,25,36.8,9,135.7,2013
"63",5,"Dallas Cowboys",16,439,5458,957,5.7,20,8,325,375,586,3954,33,12,6.4,213,336,1504,12,4.5,80,102,867,32,39.9,9.8,79.41,2013
"73",6,"Cincinnati Bengals",16,430,5891,1097,5.4,30,10,330,364,587,4136,33,20,6.7,205,481,1755,14,3.6,101,102,1000,24,32.3,14.9,12.59,2013
"83",7,"Kansas City Chiefs",16,430,5396,1029,5.2,18,10,323,333,546,3340,24,8,5.7,179,442,2056,17,4.7,110,101,774,34,32,9.1,34.02,2013
"93",8,"Green Bay Packers",16,417,6404,1074,6,25,9,351,366,570,4268,25,16,6.9,201,459,2136,17,4.7,119,86,801,31,40.9,12.4,101.32,2013
"103",9,"Seattle Seahawks",16,417,5424,973,5.6,19,10,307,267,420,3236,27,9,7,160,509,2188,14,4.3,116,128,1183,31,40.7,9.3,50.15,2013
"113",10,"New Orleans Saints",16,414,6391,1079,5.9,19,7,359,446,651,4918,39,12,7.1,244,391,1473,10,3.8,87,95,817,28,40.3,8.3,152.24,2013
"123",11,"San Francisco 49ers",16,406,5180,961,5.4,18,10,286,244,417,2979,21,8,6.5,148,505,2201,18,4.4,115,103,845,23,37.8,9,47.52,2013
"133",12,"San Diego Chargers",16,396,6293,1060,5.9,21,10,373,378,544,4328,32,11,7.5,230,486,1965,9,4,104,95,765,39,44.9,11.4,178.64,2013
"143",13,"Detroit Lions",16,395,6274,1102,5.7,34,15,350,371,634,4482,29,19,6.8,221,445,1792,15,4,106,110,925,23,32.1,17.3,28.58,2013
"153",14,"Minnesota Vikings",16,391,5508,1013,5.4,32,13,309,325,546,3427,18,19,5.8,173,423,2081,23,4.9,106,70,695,30,34.4,14.9,14.24,2013
"163",15,"Indianapolis Colts",16,391,5468,1023,5.3,14,4,318,350,582,3725,23,10,6.1,191,409,1743,15,4.3,88,66,576,39,38.8,6.9,87.1,2013
"173",16,"Pittsburgh Steelers",16,379,5400,1023,5.3,24,10,312,377,586,4017,28,14,6.4,207,394,1383,9,3.5,81,80,677,24,35.4,12.7,12.94,2013
"183",17,"Arizona Cardinals",16,379,5542,1037,5.3,31,9,329,363,574,4002,24,22,6.5,205,422,1540,12,3.6,84,96,744,40,33,15.5,-11.6,2013
"193",18,"Carolina Panthers",16,366,5069,999,5.1,19,6,319,292,473,3043,24,13,5.9,169,483,2026,14,4.2,122,80,671,28,36.5,9.4,70.12,2013
"203",19,"Tennessee Titans",16,362,5390,1032,5.2,25,9,311,328,533,3496,22,16,6.1,172,462,1894,16,4.1,103,101,900,36,34.2,11.4,34,2013
"215",20,"Atlanta Falcons",16,353,5490,1024,5.4,28,11,330,445,659,4243,26,17,6,227,321,1247,11,3.9,64,91,788,39,34.1,14.5,44.8,2013
"223",21,"St. Louis Rams",16,348,4877,968,5,21,10,282,301,506,3125,22,11,5.8,165,426,1752,10,4.1,82,123,1009,35,31.5,11.4,-36.37,2013
"233",22,"Buffalo Bills",16,339,5410,1116,4.8,27,12,301,299,522,3103,16,15,5.4,149,546,2307,15,4.2,113,110,954,39,29.9,12.1,-76.54,2013
"243",23,"Washington Redskins",16,334,5915,1107,5.3,34,15,329,355,611,3751,20,19,5.7,198,453,2164,14,4.8,112,99,802,19,27.6,16.6,-43.76,2013
"253",24,"Oakland Raiders",16,322,5340,1000,5.3,31,11,275,298,519,3340,17,20,5.9,168,437,2000,16,4.6,90,116,912,17,27.8,14.9,-57.85,2013
"263",25,"Baltimore Ravens",16,320,4918,1090,4.5,29,6,295,363,619,3590,19,23,5.4,189,423,1328,7,3.1,68,112,942,38,30.9,13.5,-96.59,2013
"273",26,"Miami Dolphins",16,317,5007,1001,5,26,7,278,357,594,3567,24,19,5.5,205,349,1440,8,4.1,61,70,598,12,29.9,13.4,-41.2,2013
"283",27,"Cleveland Browns",16,308,5423,1078,5,29,9,301,379,681,4040,26,20,5.5,200,348,1383,4,4,77,104,920,24,26.2,13.8,-74.76,2013
"293",28,"New York Giants",16,294,4920,988,5,44,15,280,325,567,3588,18,29,5.9,176,381,1332,11,3.5,77,91,786,27,25.5,20.1,-127.73,2013
"303",29,"New York Jets",16,290,5090,1020,5,29,7,280,266,480,2932,13,22,5.6,154,493,2158,12,4.4,105,108,837,21,29.6,14.8,-100.47,2013
"313",30,"Tampa Bay Buccaneers",16,288,4432,981,4.5,21,9,269,291,514,2820,22,12,5,157,420,1612,6,3.8,75,121,1136,37,27.1,9.6,-76.79,2013
"323",31,"Houston Texans",16,276,5556,1089,5.1,31,9,307,371,633,3813,19,22,5.6,198,414,1743,7,4.2,90,112,1138,19,25.9,14.9,-90.62,2013
"333",32,"Jacksonville Jaguars",16,247,4701,1020,4.6,27,6,271,349,592,3441,16,21,5.4,176,378,1260,7,3.3,71,96,797,24,23.6,13.8,-151.69,2013
"216",1,"Green Bay Packers",16,486,6178,1001,6.2,13,7,356,349,536,4261,38,6,7.5,222,435,1917,14,4.4,104,92,775,30,46.7,7.1,195.16,2014
"310",2,"Denver Broncos",16,482,6446,1067,6,20,5,360,399,607,4661,40,15,7.5,227,443,1785,15,4,98,120,1045,35,39.9,9.6,130.29,2014
"44",3,"Philadelphia Eagles",16,474,6348,1127,5.6,36,15,356,384,621,4356,27,21,6.7,218,474,1992,16,4.2,109,115,995,29,36.9,17.2,46.41,2014
"54",4,"New England Patriots",16,468,5848,1073,5.5,13,4,361,392,609,4121,34,9,6.5,228,438,1727,13,3.9,96,120,1080,37,45.3,7.2,169.27,2014
"64",5,"Dallas Cowboys",16,467,6138,1014,6.1,25,14,342,328,476,3784,37,11,7.5,205,508,2354,16,4.6,106,105,839,31,43.6,12.8,172.14,2014
"74",6,"Indianapolis Colts",16,458,6506,1105,5.9,31,15,371,410,661,4894,42,16,7.1,251,415,1612,9,3.9,80,105,848,40,39.5,14.6,86.38,2014
"84",7,"Pittsburgh Steelers",16,436,6577,1068,6.2,21,11,379,411,612,4825,33,10,7.5,243,423,1752,10,4.1,98,103,834,38,41.4,11.5,162.53,2014
"94",8,"Baltimore Ravens",16,409,5838,1021,5.7,20,8,345,344,554,3819,27,12,6.7,194,448,2019,16,4.5,113,111,870,38,39.6,9.9,128.84,2014
"104",9,"New Orleans Saints",16,401,6582,1095,6,30,13,395,456,659,4764,33,17,6.9,258,406,1818,16,4.5,101,80,670,36,39.1,16.7,142.36,2014
"114",10,"Seattle Seahawks",16,394,6012,1021,5.9,14,7,328,287,454,3250,20,7,6.6,160,525,2762,20,5.3,144,130,1009,24,40.6,6.9,135.41,2014
"124",11,"Miami Dolphins",16,388,5601,1040,5.4,23,11,361,394,595,3729,27,12,5.8,226,399,1872,12,4.7,99,81,635,36,37.6,10.5,68.79,2014
"134",12,"Atlanta Falcons",16,381,6051,1035,5.8,23,8,330,418,632,4553,28,15,6.9,233,372,1498,11,4,75,97,840,22,38.9,13.1,68.84,2014
"144",13,"New York Giants",16,380,5875,1086,5.4,28,14,336,383,607,4272,30,14,6.7,218,449,1603,13,3.6,83,101,896,35,34.7,12.4,27.58,2014
"154",14,"Houston Texans",16,372,5513,1062,5.2,22,9,313,295,485,3352,22,13,6.6,171,551,2161,12,3.9,108,94,834,34,33,11.3,-9.79,2014
"164",15,"Cincinnati Bengals",16,365,5568,1018,5.5,26,9,313,323,503,3421,20,17,6.5,164,492,2147,19,4.4,122,102,812,27,34,13.1,7.02,2014
"174",16,"Kansas City Chiefs",16,353,5100,962,5.3,17,11,309,320,493,3182,18,6,5.9,184,420,1918,18,4.6,92,88,681,33,35.8,9.2,37.4,2014
"184",17,"San Diego Chargers",16,348,5465,1009,5.4,23,5,326,380,574,4098,31,18,6.7,214,398,1367,6,3.4,75,111,967,37,33.9,12.6,51.84,2014
"194",18,"Buffalo Bills",16,343,5096,1020,5,23,10,273,363,579,3614,23,13,5.8,186,402,1482,7,3.7,65,124,1031,22,32.5,11.2,-49.72,2014
"204",19,"Carolina Panthers",16,339,5547,1060,5.2,23,11,347,327,545,3511,23,12,6,199,473,2036,10,4.3,117,83,756,31,34.8,11.8,29.83,2014
"217",20,"Minnesota Vikings",16,325,5048,981,5.1,20,2,288,322,517,3244,17,18,5.7,171,413,1804,12,4.4,90,100,836,27,31.8,10.8,-2.41,2014
"224",21,"St. Louis Rams",16,324,5035,957,5.3,27,11,288,327,515,3400,20,16,6,189,395,1635,11,4.1,79,123,1139,20,29.6,14,-56.29,2014
"234",22,"Detroit Lions",16,321,5452,1045,5.2,20,8,310,365,604,4030,22,12,6.2,210,396,1422,11,3.6,72,118,989,28,32.4,9.5,41.29,2014
"244",23,"Chicago Bears",16,319,5233,1005,5.2,29,10,322,396,609,3792,30,19,5.8,194,355,1441,8,4.1,91,113,997,37,27.8,16.1,-21.44,2014
"254",24,"Arizona Cardinals",16,310,5116,993,5.2,17,5,302,320,568,3808,21,12,6.4,191,397,1308,6,3.3,67,91,707,44,30.9,9.4,-15.68,2014
"264",25,"San Francisco 49ers",16,306,5239,1009,5.2,22,12,303,292,487,3063,20,10,5.7,165,470,2176,10,4.6,104,116,937,34,30.9,11.8,10.63,2014
"274",26,"Washington Redskins",16,301,5738,1006,5.7,31,13,318,364,547,4047,18,18,6.7,186,401,1691,15,4.2,88,120,1130,44,29.7,15.6,4.71,2014
"284",27,"Cleveland Browns",16,299,5193,1010,5.1,23,7,294,274,502,3465,12,16,6.5,179,477,1728,17,3.6,88,116,932,27,28,10.9,-32,2014
"294",28,"New York Jets",16,283,5226,1052,5,24,9,289,287,498,2946,16,15,5.4,154,507,2280,11,4.5,112,109,932,23,31.7,11.8,-47.78,2014
"304",29,"Tampa Bay Buccaneers",16,277,4672,936,5,33,13,263,301,531,3297,21,20,5.7,162,353,1375,7,3.9,72,118,939,29,26.7,17.2,-68.29,2014
"314",30,"Tennessee Titans",16,254,4859,919,5.3,26,10,258,299,513,3412,20,16,6.1,159,356,1447,6,4.1,75,111,961,24,23.6,12.6,-99.02,2014
"324",31,"Oakland Raiders",16,253,4515,994,4.5,29,13,248,365,629,3275,22,16,5,173,337,1240,4,3.7,56,116,939,19,22.7,13.6,-139.12,2014
"334",32,"Jacksonville Jaguars",16,249,4634,988,4.7,26,8,271,325,557,3001,15,18,4.8,154,360,1633,9,4.5,86,73,573,31,22.6,12.8,-126.33,2014
"218",1,"Carolina Panthers",16,500,5871,1060,5.5,19,9,357,300,501,3589,35,10,6.7,197,526,2282,19,4.3,136,103,887,24,42.9,9.6,125.65,2015
"315",2,"Arizona Cardinals",16,489,6533,1041,6.3,24,11,373,353,562,4616,35,13,7.8,237,452,1917,16,4.2,92,94,758,44,42.5,11.8,161.96,2015
"45",3,"New England Patriots",16,465,5991,1050,5.7,14,7,348,404,629,4587,36,7,6.9,230,383,1404,14,3.7,87,96,860,31,43.2,5.7,127.68,2015
"55",4,"Pittsburgh Steelers",16,423,6327,1011,6.3,28,7,331,391,590,4603,26,21,7.4,207,388,1724,16,4.4,91,94,868,33,40.5,13.7,116.15,2015
"65",5,"Seattle Seahawks",16,423,6058,1035,5.9,16,8,335,333,489,3790,34,8,7.1,190,500,2268,10,4.5,128,117,1007,17,42,8.6,132.31,2015
"75",6,"New York Giants",16,420,5956,1053,5.7,21,7,331,392,623,4347,36,14,6.7,208,403,1609,5,4,77,102,777,46,38.2,11.3,58.71,2015
"85",7,"Cincinnati Bengals",16,419,5728,1004,5.7,17,8,324,334,505,3923,31,9,7.3,191,467,1805,18,3.9,99,111,917,34,39.6,9.3,97.28,2015
"95",8,"New Orleans Saints",16,408,6461,1096,5.9,20,8,381,460,667,4970,32,12,7.1,247,397,1491,16,3.8,98,130,1112,36,36.3,10.4,144.2,2015
"105",9,"Kansas City Chiefs",16,405,5299,955,5.5,15,8,303,310,473,3255,20,7,6.3,155,436,2044,19,4.7,116,104,878,32,37.9,7.1,73.11,2015
"115",10,"Washington Redskins",16,388,5661,1011,5.6,22,11,317,386,555,4095,30,11,7,208,429,1566,9,3.7,81,105,828,28,36.1,11.1,69.13,2015
"125",11,"New York Jets",16,387,5925,1074,5.5,24,8,329,362,604,4057,33,16,6.5,210,448,1868,11,4.2,99,96,787,20,35.7,11.6,55.82,2015
"135",12,"Buffalo Bills",16,379,5775,1016,5.7,19,10,297,295,465,3343,23,9,6.6,155,509,2432,19,4.8,122,143,1249,20,34.9,8.6,49.56,2015
"145",13,"Philadelphia Eagles",16,377,5830,1102,5.3,31,13,339,405,623,4087,23,18,6.2,193,442,1743,15,3.9,110,104,819,36,29.1,15.3,-5.18,2015
"155",14,"Jacksonville Jaguars",16,376,5581,1012,5.5,28,10,313,355,607,4108,35,18,6.2,215,354,1473,5,4.2,69,105,880,29,34.2,14,-8.44,2015
"165",15,"Green Bay Packers",16,368,5353,1056,5.1,17,9,317,348,573,3503,31,8,5.7,173,436,1850,8,4.2,100,105,906,44,33.3,8.9,50.06,2015
"175",16,"Minnesota Vikings",16,365,5139,973,5.3,17,8,297,294,454,2928,14,9,5.9,153,474,2211,18,4.7,113,88,797,31,38.4,9.3,34.58,2015
"185",17,"Oakland Raiders",16,359,5336,1008,5.3,24,10,300,373,605,3879,34,14,6.1,193,370,1457,7,3.9,74,139,1102,33,31.8,10.3,0.17,2015
"195",18,"Detroit Lions",16,358,5547,1030,5.4,24,10,337,420,632,4212,33,14,6.2,236,354,1335,7,3.8,71,104,930,30,34.6,12.3,40.73,2015
"205",19,"Denver Broncos",16,355,5688,1056,5.4,31,8,314,368,606,3970,19,23,6.2,201,411,1718,13,4.2,85,115,1063,28,31.2,15.1,-56.3,2015
"219",20,"Tampa Bay Buccaneers",16,342,6014,1017,5.9,28,13,336,312,535,3852,22,15,6.9,201,455,2162,12,4.8,99,143,1195,36,35.8,14.8,58.23,2015
"225",21,"Atlanta Falcons",16,339,5985,1073,5.6,30,13,359,410,621,4379,21,17,6.7,230,420,1606,13,3.8,95,100,969,34,34.5,17.2,60.21,2015
"235",22,"Houston Texans",16,339,5564,1127,4.9,20,8,335,358,619,3833,29,12,5.9,210,472,1731,7,3.7,90,107,910,35,28.9,9.8,-45.34,2015
"245",23,"Chicago Bears",16,335,5517,1025,5.4,21,9,312,334,523,3663,21,12,6.6,177,468,1854,13,4,108,99,909,27,37.4,11.2,23.83,2015
"255",24,"Indianapolis Colts",16,333,5142,1052,4.9,30,11,311,355,619,3704,26,19,5.6,195,396,1438,6,3.6,77,108,931,39,29.4,14.4,-42.31,2015
"265",25,"Baltimore Ravens",16,328,5749,1083,5.3,28,7,323,426,676,4271,21,21,6.1,211,383,1478,8,3.9,89,122,1153,23,33.3,14,-42.02,2015
"275",26,"San Diego Chargers",16,320,5949,1100,5.4,24,11,344,442,667,4591,30,13,6.5,230,393,1358,4,3.5,79,117,942,35,33.7,12.4,22.23,2015
"285",27,"Miami Dolphins",16,310,5307,977,5.4,19,7,291,365,588,3811,24,12,6,194,344,1496,11,4.3,72,134,1090,25,25.7,9.6,1.89,2015
"295",28,"Tennessee Titans",16,299,4988,976,5.1,33,16,298,342,551,3503,25,17,5.8,195,371,1485,10,4,66,93,779,37,25.7,16.2,-67.51,2015
"305",29,"St. Louis Rams",16,280,4761,920,5.2,22,11,241,273,473,2805,11,11,5.7,126,429,1956,16,4.6,92,122,1057,23,24.5,10.2,-83.37,2015
"316",30,"Cleveland Browns",16,278,5311,1042,5.1,30,18,307,371,609,3782,20,12,5.7,192,380,1529,5,4,81,120,1083,34,29.8,15.2,-37.67,2015
"325",31,"Dallas Cowboys",16,275,5361,969,5.5,33,11,307,334,528,3471,16,22,6.2,175,408,1890,8,4.6,94,112,882,38,31.4,18,-44.61,2015
"335",32,"San Francisco 49ers",16,238,4860,969,5,17,5,261,322,526,3316,16,12,5.7,154,390,1544,7,4,83,113,823,24,25.8,8.2,-51.85,2015
"220",1,"Atlanta Falcons",16,540,6653,995,6.7,11,4,379,374,537,4725,38,7,8.2,239,421,1928,20,4.6,108,104,848,32,52.6,6.3,299.18,2016
"317",2,"New Orleans Saints",16,469,6816,1105,6.2,24,9,395,472,674,5074,38,15,7.2,265,404,1742,17,4.3,105,107,969,25,45.9,12.7,181.68,2016
"46",3,"New England Patriots",16,441,6180,1056,5.9,11,9,351,368,550,4308,32,2,7.5,203,482,1872,19,3.9,109,93,819,39,42.9,4.9,217.74,2016
"56",4,"Green Bay Packers",16,432,5900,1029,5.7,17,9,349,403,620,4199,40,8,6.4,222,374,1701,11,4.5,91,100,827,36,43.8,9.1,213.84,2016
"66",5,"Dallas Cowboys",16,421,6027,1010,6,15,9,358,325,483,3631,25,6,7.1,191,499,2396,24,4.8,142,105,879,25,43.9,8.7,181.38,2016
"76",6,"Arizona Cardinals",16,418,5868,1086,5.4,28,11,368,383,646,4136,28,17,6,229,399,1732,20,4.3,97,104,889,42,35,14.2,53.88,2016
"86",7,"Oakland Raiders",16,416,5973,1048,5.7,14,7,333,379,596,4051,29,7,6.6,198,434,1922,17,4.4,98,147,1247,37,38.7,7.2,66.08,2016
"96",8,"Indianapolis Colts",16,411,5830,1037,5.6,22,7,351,370,584,4202,32,15,6.7,220,409,1628,13,4,93,103,883,38,40.6,12.2,89.3,2016
"106",9,"San Diego Chargers",16,410,5708,1014,5.6,35,14,340,349,580,4198,33,21,6.8,214,398,1510,10,3.8,90,107,780,36,38.1,18.2,44.64,2016
"116",10,"Pittsburgh Steelers",16,399,5962,1026,5.8,18,3,336,381,596,4202,33,15,6.8,210,409,1760,13,4.3,97,112,1068,29,38.5,9.9,122.31,2016
"126",11,"Buffalo Bills",16,399,5666,1012,5.6,12,5,328,286,474,3036,17,7,5.8,155,492,2630,29,5.3,146,112,960,27,36.7,6.8,110.41,2016
"136",12,"Washington Redskins",16,396,6454,1009,6.4,21,9,345,407,607,4758,25,12,7.6,226,379,1696,17,4.5,89,110,909,30,43.4,11.4,141.52,2016
"146",13,"Kansas City Chiefs",16,389,5488,990,5.5,17,9,305,365,546,3740,19,8,6.5,197,412,1748,15,4.2,86,109,848,22,37.1,9,37.84,2016
"156",14,"Tennessee Titans",16,381,5728,1008,5.7,18,7,322,307,504,3541,29,11,6.7,175,476,2187,16,4.6,115,110,1012,32,36.4,9.8,68.28,2016
"166",15,"Carolina Panthers",16,369,5499,1052,5.2,29,10,318,306,563,3685,21,19,6.2,194,453,1814,16,4,99,98,835,25,34.7,14,-5,2016
"176",16,"Philadelphia Eagles",16,367,5398,1080,5,20,6,333,380,609,3585,16,14,5.6,192,438,1813,16,4.1,114,113,945,27,37.6,11.2,10.08,2016
"186",17,"Miami Dolphins",16,363,5324,913,5.8,23,8,278,316,477,3500,27,15,6.9,167,406,1824,14,4.5,90,125,1142,21,30.7,11.1,23.16,2016
"196",18,"Seattle Seahawks",16,354,5715,1012,5.6,18,6,313,368,567,4124,23,12,6.8,203,403,1591,13,3.9,85,117,970,25,37.3,9.7,72.17,2016
"206",19,"Tampa Bay Buccaneers",16,354,5542,1066,5.2,27,9,340,355,578,3926,29,18,6.4,220,453,1616,8,3.6,80,109,926,40,32.4,14.8,31.47,2016
"2110",20,"Detroit Lions",16,346,5421,981,5.5,15,5,329,388,594,4111,24,10,6.5,217,350,1310,9,3.7,76,100,861,36,41,9,93.08,2016
"226",21,"Baltimore Ravens",16,343,5563,1079,5.2,23,7,316,439,679,4100,20,16,5.8,205,367,1463,10,4,79,125,1111,32,35.6,10.5,-21.79,2016
"236",22,"Denver Broncos",16,333,5169,1020,5.1,25,14,290,339,570,3685,20,11,6,181,410,1484,11,3.6,76,119,985,33,30.3,11.6,-36.87,2016
"246",23,"Minnesota Vikings",16,327,5041,1006,5,16,11,303,414,588,3836,20,5,6.1,209,380,1205,9,3.2,66,103,882,28,32.8,7.5,0.5,2016
"256",24,"Cincinnati Bengals",16,325,5711,1050,5.4,17,9,341,364,563,3942,18,8,6.5,204,446,1769,17,4,100,88,726,37,35.8,8.5,95.82,2016
"266",25,"Jacksonville Jaguars",16,318,5359,1052,5.1,29,13,321,369,626,3728,24,16,5.6,207,392,1631,8,4.2,75,129,1187,39,31.4,13.6,-18.17,2016
"276",26,"New York Giants",16,310,5291,1018,5.2,27,11,289,377,598,3879,26,16,6.3,190,398,1412,6,3.5,73,88,857,26,27.5,13,-46.11,2016
"286",27,"San Francisco 49ers",16,309,4930,996,4.9,25,15,287,287,491,2911,21,10,5.4,152,458,2019,15,4.4,116,99,831,19,27.4,10.7,-37.57,2016
"296",28,"Chicago Bears",16,279,5704,967,5.9,31,12,324,347,559,3969,19,19,6.8,212,380,1735,10,4.6,93,110,967,19,27.3,17.4,7.05,2016
"306",29,"Houston Texans",16,279,5035,1071,4.7,24,8,305,347,583,3176,15,16,5.2,173,456,1859,8,4.1,102,87,868,30,31.4,11.4,-71.03,2016
"318",30,"New York Jets",16,275,5268,1003,5.3,34,9,291,311,550,3466,16,25,5.9,166,418,1802,10,4.3,97,93,837,28,29.7,17.8,-38.59,2016
"326",31,"Cleveland Browns",16,264,4976,983,5.1,25,11,296,338,567,3264,15,14,5.2,181,350,1712,13,4.9,83,95,736,32,27.2,13.3,-6,2016
"336",32,"Los Angeles Rams",16,224,4203,960,4.4,29,9,245,312,536,2951,14,20,5,151,375,1252,9,3.3,68,126,1091,26,21.8,14.5,-167.19,2016
"227",1,"Los Angeles Rams",16,478,5784,1000,5.8,21,14,311,320,518,3831,28,7,7,185,454,1953,17,4.3,97,107,922,29,45.3,9.5,81.27,2017
"319",2,"New England Patriots",16,458,6307,1070,5.9,12,4,389,389,587,4418,32,8,7.1,232,448,1889,16,4.2,107,95,835,50,49.4,6.9,262.1,2017
"47",3,"Philadelphia Eagles",16,457,5852,1073,5.5,20,11,338,341,564,3737,38,9,6.2,193,473,2115,9,4.5,108,116,962,37,40.3,9.4,166.07,2017
"57",4,"New Orleans Saints",16,448,6259,1000,6.3,18,10,332,386,536,4189,23,8,7.5,201,444,2070,23,4.7,111,105,967,20,44.6,9.1,173.02,2017
"67",5,"Jacksonville Jaguars",16,417,5855,1078,5.4,23,10,332,316,527,3593,21,13,6.5,193,527,2262,18,4.3,101,112,936,38,34.7,11.1,69.19,2017
"77",6,"Kansas City Chiefs",16,415,6007,985,6.1,11,3,322,363,543,4104,26,8,7.1,198,405,1903,12,4.7,95,118,1044,29,44.9,6.3,115.88,2017
"87",7,"Detroit Lions",16,410,5404,980,5.5,22,11,296,374,570,4183,29,11,6.8,210,363,1221,10,3.4,58,104,968,28,37.3,11.9,10.69,2017
"97",8,"Pittsburgh Steelers",16,406,6047,1051,5.8,20,5,348,384,590,4380,29,15,7.1,217,437,1667,12,3.8,96,101,897,35,43,10.6,134.16,2017
"107",9,"Baltimore Ravens",16,395,4886,1054,4.6,17,4,311,363,567,3030,20,13,5.1,168,460,1856,14,4,111,91,749,32,36.5,8.9,-19.93,2017
"117",10,"Minnesota Vikings",16,382,5710,1055,5.4,14,6,334,357,527,3753,25,8,6.8,196,501,1957,15,3.9,100,100,949,38,38.9,7.6,84.79,2017
"127",11,"Seattle Seahawks",16,366,5286,1007,5.2,17,5,299,340,555,3657,34,12,6.1,183,409,1629,4,4,85,148,1342,31,30.5,8.6,16.26,2017
"137",12,"Carolina Panthers",16,363,5179,1026,5,22,6,320,293,501,3077,22,16,5.7,167,490,2102,15,4.3,121,83,682,32,37.4,11.7,39.46,2017
"147",13,"Los Angeles Chargers",16,355,6026,1020,5.9,15,4,337,366,583,4431,28,11,7.4,220,419,1595,10,3.8,84,108,927,33,33.3,8.5,114.72,2017
"157",14,"Dallas Cowboys",16,354,5311,1005,5.3,22,9,314,309,493,3141,22,13,6,162,480,2170,18,4.5,127,97,939,25,36.3,11.1,52.4,2017
"167",15,"Atlanta Falcons",16,353,5837,984,5.9,18,6,330,343,530,3990,21,12,7.2,200,430,1847,12,4.3,101,102,918,29,41.2,10.3,91.01,2017
"177",16,"Washington Redskins",16,342,5199,982,5.3,27,14,278,347,540,3751,27,13,6.5,191,401,1448,10,3.6,66,92,733,21,31.9,12.6,-18.01,2017
"187",17,"Houston Texans",16,338,5120,1027,5,28,11,313,299,525,3278,28,17,5.7,180,448,1842,8,4.1,86,124,1050,47,29.2,14.6,-20.49,2017
"197",18,"Tampa Bay Buccaneers",16,335,5814,1035,5.6,27,13,352,378,605,4366,26,14,6.8,243,390,1448,8,3.7,76,104,795,33,33.7,15.4,56.96,2017
"207",19,"Tennessee Titans",16,334,5024,974,5.2,25,8,290,306,496,3191,14,17,6,157,443,1833,18,4.1,97,85,785,36,35.1,12.6,-18.59,2017
"2111",20,"San Francisco 49ers",16,331,5587,1058,5.3,23,8,321,362,607,3925,15,15,6,206,408,1662,15,4.1,88,123,988,27,37.5,12,-13.93,2017
"228",21,"Green Bay Packers",16,320,4891,999,4.9,25,7,307,352,562,3167,25,18,5.2,176,386,1724,13,4.5,99,96,789,32,30.5,13.2,14.61,2017
"237",22,"Buffalo Bills",16,302,4842,1010,4.8,16,6,278,289,476,2825,16,10,5.4,149,487,2017,12,4.1,105,98,872,24,31.7,8.9,-60.82,2017
"247",23,"Oakland Raiders",16,301,5185,952,5.4,28,14,287,347,558,3631,23,14,6.2,178,370,1554,13,4.2,78,114,1009,31,29.2,15.2,10.93,2017
"257",24,"New York Jets",16,298,4884,984,5,24,12,269,323,510,3182,19,12,5.7,157,427,1702,13,4,77,119,1035,35,28.6,11.1,-43.69,2017
"267",25,"Arizona Cardinals",16,295,5026,1060,4.7,25,7,310,339,598,3640,21,18,5.6,200,410,1386,6,3.4,66,110,880,44,29.2,12.4,-87.98,2017
"277",26,"Cincinnati Bengals",16,290,4488,927,4.8,23,11,267,304,510,3122,25,12,5.7,165,377,1366,6,3.6,72,110,1027,30,26.5,11.4,-54.62,2017
"287",27,"Denver Broncos",16,289,5185,1075,4.8,34,12,297,332,566,3333,19,22,5.4,180,457,1852,8,4.1,92,113,885,25,26.4,16.6,-94.88,2017
"297",28,"Miami Dolphins",16,281,4923,995,4.9,29,8,284,373,602,3535,24,21,5.6,187,360,1388,4,3.9,66,137,1154,31,25.8,15.3,-98.03,2017
"307",29,"Chicago Bears",16,264,4599,934,4.9,22,10,266,291,473,2811,13,12,5.5,144,422,1788,13,4.2,92,115,943,30,24.1,12.1,-68.72,2017
"3110",30,"Indianapolis Colts",16,263,4553,994,4.6,15,6,267,285,487,2892,13,9,5.3,148,451,1661,11,3.7,94,92,779,25,29.4,8.3,-76.59,2017
"327",31,"New York Giants",16,246,5028,1036,4.9,22,8,271,373,608,3479,20,14,5.4,178,394,1549,6,3.9,66,91,895,27,22.7,11.3,-80.5,2017
"337",32,"Cleveland Browns",16,234,4942,1008,4.9,41,13,290,312,574,3228,15,28,5.2,157,384,1714,11,4.5,97,110,924,36,22,21,-93.66,2017
"229",1,"Kansas City Chiefs",16,565,6810,996,6.8,18,6,384,385,583,4955,50,12,8.1,239,387,1855,16,4.8,108,137,1152,37,52.6,10.5,298.14,2018
"320",2,"Los Angeles Rams",16,527,6738,1060,6.4,19,7,401,368,568,4507,32,12,7.5,236,459,2231,23,4.9,134,96,878,31,48.6,9.8,239.79,2018
"48",3,"New Orleans Saints",16,504,6067,1010,6,16,9,377,381,519,4042,33,7,7.5,210,471,2025,26,4.3,134,94,939,33,51.8,9.5,237.73,2018
"58",4,"New England Patriots",16,436,6295,1073,5.9,18,7,365,378,574,4258,29,11,7.2,206,478,2037,18,4.3,131,93,744,28,40.8,9.2,190.96,2018
"68",5,"Indianapolis Colts",16,433,6179,1070,5.8,24,9,371,432,644,4461,39,15,6.7,237,408,1718,13,4.2,96,120,953,38,41.2,13.2,140.47,2018
"78",6,"Pittsburgh Steelers",16,428,6453,1058,6.1,26,9,378,459,689,5008,35,17,7,251,345,1445,16,4.2,88,111,1026,39,36.8,14.3,156.16,2018
"88",7,"Seattle Seahawks",16,428,5653,1012,5.6,11,4,329,280,427,3093,35,7,6.5,156,534,2560,15,4.8,133,111,959,40,39.8,6.1,128.78,2018
"98",8,"Los Angeles Chargers",16,428,5962,945,6.3,19,7,338,348,512,4089,32,12,7.5,213,399,1873,16,4.7,100,113,967,25,42.4,10,170.19,2018
"108",9,"Chicago Bears",16,421,5502,1013,5.4,24,10,331,344,512,3564,28,14,6.5,177,468,1938,16,4.1,108,97,796,46,36.8,13.2,96.31,2018
"118",10,"Atlanta Falcons",16,414,6226,1010,6.2,18,11,352,428,617,4653,36,7,7.1,238,351,1573,11,4.5,84,101,899,30,42.9,10.7,155.08,2018
"128",11,"Houston Texans",16,402,5802,1040,5.6,16,7,333,345,506,3781,26,9,6.7,202,472,2021,12,4.3,94,105,787,37,40.3,8.1,84.1,2018
"138",12,"Tampa Bay Buccaneers",16,396,6648,1055,6.3,35,9,388,408,625,5125,36,26,7.7,265,389,1523,11,3.9,80,117,975,43,37,19,121.14,2018
"148",13,"Baltimore Ravens",16,389,5999,1135,5.3,20,11,367,334,556,3558,18,9,6.1,184,547,2441,19,4.5,153,116,940,30,40.7,10.7,72.85,2018
"158",14,"Carolina Panthers",16,376,5972,1011,5.9,22,6,356,378,563,3836,28,16,6.4,212,416,2136,17,5.1,117,92,818,27,37,12.1,117.24,2018
"168",15,"Green Bay Packers",16,376,5905,1026,5.8,15,11,332,392,640,4238,25,4,6.1,208,333,1667,14,5,98,108,937,26,38.8,6.7,108.88,2018
"178",16,"New York Giants",16,369,5697,984,5.8,19,7,297,382,583,4047,23,12,6.4,208,354,1650,13,4.7,71,114,951,18,38.4,9.6,70.53,2018
"188",17,"Cincinnati Bengals",16,368,4972,938,5.3,17,4,304,331,542,3290,27,13,5.7,182,359,1682,13,4.7,92,114,957,30,35.5,9.6,47.57,2018
"198",18,"Philadelphia Eagles",16,367,5845,1037,5.6,23,12,346,422,599,4275,29,11,6.7,221,398,1570,12,3.9,94,100,852,31,38.1,12.5,91.97,2018
"208",19,"Minnesota Vikings",16,360,5529,1003,5.5,20,10,310,425,606,4036,30,10,6.2,218,357,1493,9,4.2,66,92,779,26,32.4,10.6,7.47,2018
"2112",20,"Cleveland Browns",16,359,5900,1023,5.8,24,7,314,353,574,4007,29,17,6.5,189,411,1893,15,4.6,93,112,894,32,31.2,11.4,36.91,2018
"2210",21,"San Francisco 49ers",16,342,5769,1003,5.8,32,12,344,331,532,3867,26,20,6.7,201,423,1902,7,4.5,98,112,982,45,37,17.1,20.95,2018
"238",22,"Dallas Cowboys",16,339,5501,1022,5.4,17,9,322,356,527,3538,22,8,6.1,184,439,1963,13,4.5,113,104,885,25,37.9,10.1,83.04,2018
"248",23,"New York Jets",16,333,4787,971,4.9,30,11,258,299,524,3165,18,19,5.6,157,410,1622,11,4,84,114,948,17,32,14.7,-97.45,2018
"258",24,"Denver Broncos",16,329,5602,1015,5.5,21,6,320,367,588,3695,19,15,5.9,181,393,1907,18,4.9,107,125,985,32,30.6,11.3,24.23,2018
"268",25,"Detroit Lions",16,324,5236,1019,5.1,19,7,325,375,574,3576,22,12,5.8,201,404,1660,11,4.1,91,94,852,33,35.3,11,39.87,2018
"278",26,"Miami Dolphins",16,319,4638,878,5.3,23,10,252,292,455,2900,26,13,5.7,153,371,1738,7,4.7,75,108,978,24,28.3,12.5,-40.39,2018
"288",27,"Tennessee Titans",16,310,5002,940,5.3,18,6,289,293,437,2975,16,12,6.1,156,456,2027,15,4.4,106,82,727,27,34.9,10.2,10.48,2018
"298",28,"Oakland Raiders",16,290,5379,995,5.4,24,14,300,382,556,3751,19,10,6.2,197,387,1628,9,4.2,86,110,965,17,31.3,13.6,-17.92,2018
"308",29,"Washington Redskins",16,281,4795,967,5,19,4,280,311,509,3021,16,15,5.5,156,414,1774,12,4.3,96,115,1008,28,31.8,11.2,-34.07,2018
"3111",30,"Buffalo Bills",16,269,4778,1008,4.7,32,9,283,271,499,2794,13,23,5.2,137,468,1984,15,4.2,108,116,992,38,26.4,15.5,-104.81,2018
"328",31,"Jacksonville Jaguars",16,245,4832,1005,4.8,29,16,277,329,536,3109,15,13,5.3,164,416,1723,7,4.1,92,121,1112,21,25,15.6,-98.17,2018
"338",32,"Arizona Cardinals",16,225,3865,902,4.3,28,10,239,283,495,2523,15,18,4.6,137,355,1342,9,3.8,76,101,786,26,19.3,15,-155.06,2018
